#,File Name,Folder,CDN Link,Type,Size (MB),Dimensions,Date Updated,Description
1,The Calm Code - DRAFT 1_compressed (1).mp4,Root,https://assets.cdn.filesafe.space/5lz2Wm44CNDwLSZWgAPf/media/69c68f1831ffeb5c88ddd28f.mp4,Video,367.26,1920 x 1080,"Mar 27, 2026",Draft video for The Calm Code breathwork program
2,XT5A9095.MOV,Root,https://assets.cdn.filesafe.space/5lz2Wm44CNDwLSZWgAPf/media/c9ab0b4c-d80f-4429-b6a9-28e416c8c6a0.mov,Video,486.41,1920 x 1080,"Mar 26, 2026",Professional camera footage (Canon) - breathwork session/event
3,XT5A9030.MOV,Root,https://assets.cdn.filesafe.space/5lz2Wm44CNDwLSZWgAPf/media/a6997ded-9912-494d-91f5-c0b659be9f7f.mov,Video,282.94,1920 x 1080,"Mar 26, 2026",Professional camera footage (Canon) - breathwork session/event
4,IMG_8961 2.mov,Root,https://assets.cdn.filesafe.space/5lz2Wm44CNDwLSZWgAPf/media/4454ea02-ebee-46ce-9465-e8e7d5997828.mov,Video,75.66,3840 x 2160,"Mar 26, 2026",Mobile video footage - breathwork practice/event
5,IMG_8977.mov,Root,https://assets.cdn.filesafe.space/5lz2Wm44CNDwLSZWgAPf/media/abf93d82-d2fd-490c-bc69-8058ffb5cb0b.mov,Video,65.84,3840 x 2160,"Mar 26, 2026",Mobile video footage - breathwork practice/event
6,IMG_8974.mov,Root,https://assets.cdn.filesafe.space/5lz2Wm44CNDwLSZWgAPf/media/63317e91-bd4a-404d-a077-483b42d4bea3.mov,Video,59.92,3840 x 2160,"Mar 26, 2026",Mobile video footage - breathwork practice/event
7,IMG_8983 2.mov,Root,https://assets.cdn.filesafe.space/5lz2Wm44CNDwLSZWgAPf/media/feaa4568-770a-4e49-9c61-a212ae799c72.mov,Video,52.41,3840 x 2160,"Mar 26, 2026",Mobile video footage - breathwork practice/event
8,XT5A8805.MOV,Root,https://assets.cdn.filesafe.space/5lz2Wm44CNDwLSZWgAPf/media/b60c1737-1f67-4cbc-b6d8-fb9f4674f52e.mov,Video,108.37,1920 x 1080,"Mar 26, 2026",Professional camera footage (Canon) - breathwork session/event
9,IMG_9614.JPG,Root,https://assets.cdn.filesafe.space/5lz2Wm44CNDwLSZWgAPf/media/5f079a98-743b-4ae9-a49a-2306d51c3b6d.jpeg,Image,4.03,5472 x 3648,"Mar 26, 2026",Brand/marketing image
10,240525_BC1_Asha2024-33.jpg,Root,https://assets.cdn.filesafe.space/5lz2Wm44CNDwLSZWgAPf/media/961c6a1a-7eb2-44e8-b085-af1c069cc0e1.jpeg,Image,11.05,4240 x 2832,"Mar 26, 2026",Breathcamp/retreat event photograph
11,Mandala Breathwork-22.jpg,Root,https://assets.cdn.filesafe.space/5lz2Wm44CNDwLSZWgAPf/media/cbdad6b6-5b41-40ab-986a-e91948becd22.jpeg,Image,7.85,5152 x 7728,"Mar 26, 2026",Mandala breathwork session photograph
12,Mandala Breathwork-25.jpg,Root,https://assets.cdn.filesafe.space/5lz2Wm44CNDwLSZWgAPf/media/a6b18bb3-7123-4c18-a1a7-a35c1335d3c5.jpeg,Image,9.93,5152 x 7728,"Mar 26, 2026",Mandala breathwork session photograph
13,Mandala Breathwork-30.jpg,Root,https://assets.cdn.filesafe.space/5lz2Wm44CNDwLSZWgAPf/media/9ce6385b-d555-4251-ab17-eb3f9aa0fb95.jpeg,Image,7.40,5152 x 7728,"Mar 26, 2026",Mandala breathwork session photograph
14,6 Steps-89.jpg,Root,https://assets.cdn.filesafe.space/5lz2Wm44CNDwLSZWgAPf/media/9de44010-47f5-4a3c-bf77-53fc908f7fce.jpeg,Image,7.41,7728 x 5152,"Mar 26, 2026",6 Steps program promotional image
15,6 Steps-10.jpg,Root,https://assets.cdn.filesafe.space/5lz2Wm44CNDwLSZWgAPf/media/c81e9989-a14b-4862-9572-a9e44c226611.jpeg,Image,7.74,7728 x 5152,"Mar 26, 2026",6 Steps program promotional image
16,6 Steps-45.jpg,Root,https://assets.cdn.filesafe.space/5lz2Wm44CNDwLSZWgAPf/media/45b2d2fa-2fdd-4c01-b941-8a979a4fef4a.jpeg,Image,8.32,7728 x 5152,"Mar 26, 2026",6 Steps program promotional image
17,6 Steps-68.jpg,Root,https://assets.cdn.filesafe.space/5lz2Wm44CNDwLSZWgAPf/media/0493a28a-60e0-4d58-ab76-6dec59a8014f.jpeg,Image,8.98,5152 x 7728,"Mar 26, 2026",6 Steps program promotional image
18,6 Steps-78.jpg,Root,https://assets.cdn.filesafe.space/5lz2Wm44CNDwLSZWgAPf/media/46988688-7031-4f59-aac0-faacb01cae3c.jpeg,Image,8.91,7728 x 5152,"Mar 26, 2026",6 Steps program promotional image
19,PHOTO-2026-03-18-17-14-57.jpg,Root,https://assets.cdn.filesafe.space/5lz2Wm44CNDwLSZWgAPf/media/69bc358ca37cc2875107f667.jpg,Image,0.10,720 x 913,"Mar 19, 2026",Brand/marketing image
20,5F8A0210.jpg,Root,https://assets.cdn.filesafe.space/5lz2Wm44CNDwLSZWgAPf/media/69b2e9c0b4eb4dddf15c4eec.jpg,Image,7.80,5760 x 3840,"Mar 12, 2026",Brand/marketing image
21,5F8A0155.jpg,Root,https://assets.cdn.filesafe.space/5lz2Wm44CNDwLSZWgAPf/media/69b2e9c0cab7f73bbf790ab0.jpg,Image,8.53,5760 x 3840,"Mar 12, 2026",Brand/marketing image
22,DSCF5789.jpg,Root,https://assets.cdn.filesafe.space/5lz2Wm44CNDwLSZWgAPf/media/69b2e9c0cab7f74dd5790aaf.jpg,Image,8.15,4515 x 3010,"Mar 12, 2026",Brand/marketing image
23,IMG_0516.JPG,Root,https://assets.cdn.filesafe.space/5lz2Wm44CNDwLSZWgAPf/media/69b2e9c0b4eb4d60ae5c4ef1.jpg,Image,5.72,5472 x 3648,"Mar 12, 2026",Brand/marketing image
24,IMG_6744.JPG,Root,https://assets.cdn.filesafe.space/5lz2Wm44CNDwLSZWgAPf/media/69b2e9c1b4eb4d95555c4ef2.jpg,Image,5.76,5184 x 3456,"Mar 12, 2026",Brand/marketing image
25,DSCF5662-2.jpg,Root,https://assets.cdn.filesafe.space/5lz2Wm44CNDwLSZWgAPf/media/69b2e9c0eba48775a4ef7c20.jpg,Image,5.64,2958 x 4437,"Mar 12, 2026",Brand/marketing image
26,Copy of IMG_7177.JPG,Root,https://assets.cdn.filesafe.space/5lz2Wm44CNDwLSZWgAPf/media/69b2e9c0cab7f7b524790ab2.jpg,Image,5.70,5184 x 3456,"Mar 12, 2026",Brand/marketing image
27,DSCF5624.jpg,Root,https://assets.cdn.filesafe.space/5lz2Wm44CNDwLSZWgAPf/media/69b2e9c0cab7f79a65790aae.jpg,Image,5.44,4896 x 3264,"Mar 12, 2026",Brand/marketing image
28,IMG_5973.JPG,Root,https://assets.cdn.filesafe.space/5lz2Wm44CNDwLSZWgAPf/media/69b2e9c074ad4b92061c905a.jpg,Image,5.42,5184 x 3456,"Mar 12, 2026",Brand/marketing image
29,DSCF5783.jpg,Root,https://assets.cdn.filesafe.space/5lz2Wm44CNDwLSZWgAPf/media/69b2e9c0b4eb4db1c05c4eee.jpg,Image,5.24,2835 x 4252,"Mar 12, 2026",Brand/marketing image
30,DSCF5617.jpg,Root,https://assets.cdn.filesafe.space/5lz2Wm44CNDwLSZWgAPf/media/69b2e9c0eba4870752ef7c19.jpg,Image,4.69,4896 x 3264,"Mar 12, 2026",Brand/marketing image
31,IMG_1270.JPG,Root,https://assets.cdn.filesafe.space/5lz2Wm44CNDwLSZWgAPf/media/69b2e9c0ef84872e3bbf57e8.jpg,Image,4.11,5472 x 3648,"Mar 12, 2026",Brand/marketing image
32,Copy of IMG_0749.JPG,Root,https://assets.cdn.filesafe.space/5lz2Wm44CNDwLSZWgAPf/media/69b2e9c0b4eb4d6a235c4eed.jpg,Image,3.19,5472 x 3648,"Mar 12, 2026",Brand/marketing image
33,Copy of IMG_9872.HEIC,Root,https://assets.cdn.filesafe.space/5lz2Wm44CNDwLSZWgAPf/media/69b2e9c0eba4874a74ef7c1a.heic,Image,3.23,,"Mar 12, 2026",Brand/marketing image
34,IMG_3959.heic,Root,https://assets.cdn.filesafe.space/5lz2Wm44CNDwLSZWgAPf/media/69b2e9c00050510e662b3baf.heic,Image,1.92,,"Mar 12, 2026",Brand/marketing image
35,Corso Amy 19.08.2023-11.jpg,Root,https://assets.cdn.filesafe.space/5lz2Wm44CNDwLSZWgAPf/media/69b2e9c0e8487c3fda42d9b1.jpg,Image,0.97,1920 x 1280,"Mar 12, 2026",Brand/marketing image
36,IMG_1384.heic,Root,https://assets.cdn.filesafe.space/5lz2Wm44CNDwLSZWgAPf/media/69b2e9c0005051b1872b3bb1.heic,Image,0.95,,"Mar 12, 2026",Brand/marketing image
37,Asha Campus 2 05.07.2023-31.jpg,Root,https://assets.cdn.filesafe.space/5lz2Wm44CNDwLSZWgAPf/media/69b2e9c0277ba0a4ab9c57e1.jpg,Image,0.95,1920 x 1280,"Mar 12, 2026",Breathcamp/retreat event photograph
38,Corso Amy 19.08.2023.jpg,Root,https://assets.cdn.filesafe.space/5lz2Wm44CNDwLSZWgAPf/media/69b2e9c0cab7f7d4b0790ab1.jpg,Image,0.93,1920 x 1280,"Mar 12, 2026",Brand/marketing image
39,Asha Campus 2 05.07.2023-3(1).jpg,Root,https://assets.cdn.filesafe.space/5lz2Wm44CNDwLSZWgAPf/media/69b2e9c0277ba03d5d9c57df.jpg,Image,0.79,1920 x 1280,"Mar 12, 2026",Breathcamp/retreat event photograph
40,Asha Campus 2 05.07.2023-8.jpg,Root,https://assets.cdn.filesafe.space/5lz2Wm44CNDwLSZWgAPf/media/69b2e9c0eba487150def7c1e.jpg,Image,0.88,1920 x 1280,"Mar 12, 2026",Breathcamp/retreat event photograph
41,Asha Campus 2 05.07.2023-26.jpg,Root,https://assets.cdn.filesafe.space/5lz2Wm44CNDwLSZWgAPf/media/69b2e9c1277ba0f5589c57e2.jpg,Image,0.83,1920 x 1280,"Mar 12, 2026",Breathcamp/retreat event photograph
42,Asha Campus 2 05.07.2023-34.jpg,Root,https://assets.cdn.filesafe.space/5lz2Wm44CNDwLSZWgAPf/media/69b2e9c0277ba03b359c57e0.jpg,Image,0.82,1920 x 1280,"Mar 12, 2026",Breathcamp/retreat event photograph
43,Asha Campus 2 05.07.2023-32.jpg,Root,https://assets.cdn.filesafe.space/5lz2Wm44CNDwLSZWgAPf/media/69b2e9c0e8487c46d442d9af.jpg,Image,0.84,1920 x 1280,"Mar 12, 2026",Breathcamp/retreat event photograph
44,Asha Campus 2 05.07.2023-51.jpg,Root,https://assets.cdn.filesafe.space/5lz2Wm44CNDwLSZWgAPf/media/69b2e9c0b4eb4d04025c4eef.jpg,Image,0.78,1920 x 1080,"Mar 12, 2026",Breathcamp/retreat event photograph
45,Asha Campus 2 05.07.2023-21.jpg,Root,https://assets.cdn.filesafe.space/5lz2Wm44CNDwLSZWgAPf/media/69b2e9c0eba4873833ef7c1f.jpg,Image,0.82,1920 x 1280,"Mar 12, 2026",Breathcamp/retreat event photograph
46,Asha Campus 2 05.07.2023-34(1).jpg,Root,https://assets.cdn.filesafe.space/5lz2Wm44CNDwLSZWgAPf/media/69b2e9c074ad4bd4721c9059.jpg,Image,0.82,1920 x 1280,"Mar 12, 2026",Breathcamp/retreat event photograph
47,Asha-66.jpg,Root,https://assets.cdn.filesafe.space/5lz2Wm44CNDwLSZWgAPf/media/69b2e9c0e8487c93b642d9b0.jpg,Image,0.75,1920 x 1280,"Mar 12, 2026",Breathcamp/retreat event photograph
48,Copy of Asha-66.jpg,Root,https://assets.cdn.filesafe.space/5lz2Wm44CNDwLSZWgAPf/media/69b2e9c0b4eb4dd94a5c4ef0.jpg,Image,0.75,1920 x 1280,"Mar 12, 2026",Breathcamp/retreat event photograph
49,Asha Campus 2 05.07.2023-3.jpg,Root,https://assets.cdn.filesafe.space/5lz2Wm44CNDwLSZWgAPf/media/69b2e9c0ef84872a9cbf57e9.jpg,Image,0.79,1920 x 1280,"Mar 12, 2026",Breathcamp/retreat event photograph
50,Asha Campus 2 05.07.2023-18.jpg,Root,https://assets.cdn.filesafe.space/5lz2Wm44CNDwLSZWgAPf/media/69b2e9c0005051f0672b3bb0.jpg,Image,0.77,1920 x 1280,"Mar 12, 2026",Breathcamp/retreat event photograph
51,Screenshot 2026-03-02 at 7.57.47 PM.png,Root,https://assets.cdn.filesafe.space/5lz2Wm44CNDwLSZWgAPf/media/69a5dddd5299543a0fa42581.png,Image,0.23,680 x 381,"Mar 02, 2026",Screenshot capture
52,Screenshot 2026-03-02 at 12.41.52 PM.png,Root,https://assets.cdn.filesafe.space/5lz2Wm44CNDwLSZWgAPf/media/69a577d7e07e3605c1f2a108.png,Image,0.33,562 x 315,"Mar 02, 2026",Screenshot capture
53,DSC_0236-001.jpg,Root,https://assets.cdn.filesafe.space/5lz2Wm44CNDwLSZWgAPf/media/69a57482b617a742cb806cde.jpg,Image,1.75,2868 x 2881,"Mar 02, 2026",Professional DSLR photograph
54,GMT20260301-180101_Recording_640x360.mp4,Root,https://assets.cdn.filesafe.space/5lz2Wm44CNDwLSZWgAPf/media/69a49889b617a784a9460526.mp4,Video,228.74,640 x 360,"Mar 01, 2026",Zoom meeting/webinar recording
55,FT Landing page #3 EDITED (4).mov,Root,https://assets.cdn.filesafe.space/5lz2Wm44CNDwLSZWgAPf/media/69a1767d9a0c1857e667564a.mov,Video,88.43,1920 x 1080,"Feb 27, 2026",Video content
56,Anthony 1 (1).png,Root,https://assets.cdn.filesafe.space/5lz2Wm44CNDwLSZWgAPf/media/69a159bd753f159f94bc1ed5.png,Image,5.66,2739 x 2739,"Feb 27, 2026",Brand/marketing image
57,Screenshot 2026-02-18 at 3.46.13 PM.png,Root,https://assets.cdn.filesafe.space/5lz2Wm44CNDwLSZWgAPf/media/6995d0dc905d470d19a87a15.png,Image,0.19,693 x 391,"Feb 18, 2026",Screenshot capture
58,Screenshot 2026-02-18 at 3.46.08 PM.png,Root,https://assets.cdn.filesafe.space/5lz2Wm44CNDwLSZWgAPf/media/6995d0cffa6b7b2e142a113f.png,Image,0.18,691 x 385,"Feb 18, 2026",Screenshot capture
59,Screenshot 2026-02-18 at 3.44.55 PM.png,Root,https://assets.cdn.filesafe.space/5lz2Wm44CNDwLSZWgAPf/media/6995d080905d47fdeda859c7.png,Image,0.19,695 x 424,"Feb 18, 2026",Screenshot capture
60,Training Testimonial Melissa AD.mp4,Root,https://assets.cdn.filesafe.space/5lz2Wm44CNDwLSZWgAPf/media/6995a420b3d5f8859c41fe69.mp4,Video,47.30,2000 x 1124,"Feb 18, 2026",Video content
61,Training Testimonial Amira AD.mp4,Root,https://assets.cdn.filesafe.space/5lz2Wm44CNDwLSZWgAPf/media/6995a431b3d5f87a764204d4.mp4,Video,49.86,1920 x 1080,"Feb 18, 2026",Video content
62,Training Testimonial Matt AD.mp4,Root,https://assets.cdn.filesafe.space/5lz2Wm44CNDwLSZWgAPf/media/6995a439d614c97d7d439a20.mp4,Video,56.19,1920 x 1080,"Feb 18, 2026",Video content
63,Training Testimonial Camo AD.mp4,Root,https://assets.cdn.filesafe.space/5lz2Wm44CNDwLSZWgAPf/media/6995a436d614c938b14399ae.mp4,Video,27.96,1920 x 1080,"Feb 18, 2026",Video content
65,Training Testimonial Sabine AD.mp4,Root,https://assets.cdn.filesafe.space/5lz2Wm44CNDwLSZWgAPf/media/6995a3cfb3d5f8f38741dcdd.mp4,Video,57.84,1920 x 1080,"Feb 18, 2026",Video content
64,Training Why Anthony (2).mp4,Root,https://assets.cdn.filesafe.space/5lz2Wm44CNDwLSZWgAPf/media/6995a3c2b3d5f8d7e941db2f.mp4,Video,74.57,1920 x 1080,"Feb 18, 2026",Video content
66,Scholarship Program Brochure 2021.pdf,Root,https://assets.cdn.filesafe.space/5lz2Wm44CNDwLSZWgAPf/media/698f6285899b882b4a611e8d.pdf,PDF,14.06,,"Feb 13, 2026",PDF file
67,mockup-facilitator-training-1015x600.png,Root,https://assets.cdn.filesafe.space/5lz2Wm44CNDwLSZWgAPf/media/698e8af0c0866518ac3e28f3.png,Image,0.61,1015 x 600,"Feb 13, 2026",Brand/marketing image
68,AOB Mandala-Gold-Black Transparant.png,Root,https://assets.cdn.filesafe.space/5lz2Wm44CNDwLSZWgAPf/media/6962087710b26279fee06caa.png,Image,0.32,722 x 702,"Jan 10, 2026",Brand/marketing image
69,Alchemy-of-Breath-Logo.png,Root,https://assets.cdn.filesafe.space/5lz2Wm44CNDwLSZWgAPf/media/69620877f13bc371c63ca365.png,Image,0.09,385 x 109,"Jan 10, 2026",Brand/marketing image
70,Alchemy of Breath_Logo_1.png,Root,https://assets.cdn.filesafe.space/5lz2Wm44CNDwLSZWgAPf/media/69620873f13bc33e023ca331.png,Image,0.24,1920 x 525,"Jan 10, 2026",Brand/marketing image
71,Alchemy of Breath_Logo2_Gold-Black-Transparent.png,Logo,https://assets.cdn.filesafe.space/5lz2Wm44CNDwLSZWgAPf/media/69c78cc91e8bb416080f962b.png,Image,0.38,2482 x 702,"Mar 28, 2026",Alchemy of Breath logo - gold variant
72,AOB Mandala-Gold-Black Transparant.png,Logo,https://assets.cdn.filesafe.space/5lz2Wm44CNDwLSZWgAPf/media/69c78cc9cc1d9c725156ca58.png,Image,0.32,722 x 702,"Mar 28, 2026",Alchemy of Breath logo - gold variant
73,Alchemy of Breath_Logo_1.png,Logo,https://assets.cdn.filesafe.space/5lz2Wm44CNDwLSZWgAPf/media/69c78cc9cc1d9c615356ca59.png,Image,0.24,1920 x 525,"Mar 28, 2026",Alchemy of Breath brand logo
74,Alchemy of Breath_Logo_Gold-White-Transparent.png,Logo,https://assets.cdn.filesafe.space/5lz2Wm44CNDwLSZWgAPf/media/69c78cc9104e4ff7ea6eb72d.png,Image,0.37,2482 x 702,"Mar 28, 2026",Alchemy of Breath logo - gold variant
75,Alchemy of Breath_Logo_Gold-White-Transparent.png,Logo,https://assets.cdn.filesafe.space/5lz2Wm44CNDwLSZWgAPf/media/69c78cc1ed043fac108f3d0c.png,Image,0.37,2482 x 702,"Mar 28, 2026",Alchemy of Breath logo - gold variant
76,The power of breathwork _ Alchemy of Breath - Breathcamp Italy 2019.mp4,Breathcamp,https://assets.cdn.filesafe.space/5lz2Wm44CNDwLSZWgAPf/media/6995732e5c2265a1151ddfc6.mp4,Video,49.14,640 x 360,"Feb 18, 2026",Breathcamp event video content
77,f3e65754-b6ad-4438-86bd-dddf65304887-igV65QhtXWBp1TtnY8Dm.png,Content AI,https://assets.cdn.filesafe.space/5lz2Wm44CNDwLSZWgAPf/media/114bbbc2-7b56-46b7-8fed-037ce7a6c5df.png,Image,1.35,1024 x 1024,"Feb 17, 2026",AI-generated content image
78,Logo (1).png,Relocated Item,https://assets.cdn.filesafe.space/5lz2Wm44CNDwLSZWgAPf/media/29f2ea23-c014-421f-ac4a-0f2789b7a877.png,Image,0.01,236 x 68,"Feb 13, 2026",Relocated media asset
79,Logo (1).png,Relocated Item,https://assets.cdn.filesafe.space/5lz2Wm44CNDwLSZWgAPf/media/ba14263c-b620-41ab-b3e8-4105a3b8f36f.png,Image,0.01,236 x 68,"Feb 13, 2026",Relocated media asset
80,Funnel Backgrounds - SFA (1).png,Relocated Item,https://assets.cdn.filesafe.space/5lz2Wm44CNDwLSZWgAPf/media/e41e4b78-2762-4201-b183-86419b9d453b.png,Image,0.15,1920 x 1080,"Feb 13, 2026",Relocated media asset
81,6 (1).png,Relocated Item,https://assets.cdn.filesafe.space/5lz2Wm44CNDwLSZWgAPf/media/d8a6c518-2df9-4bb3-9ea4-5c29a0d92ced.png,Image,0.08,737 x 537,"Feb 13, 2026",Relocated media asset
82,11 (1).png,Relocated Item,https://assets.cdn.filesafe.space/5lz2Wm44CNDwLSZWgAPf/media/26bc9c8b-e228-4b23-a9e8-c2cb24122b63.png,Image,0.07,806 x 662,"Feb 13, 2026",Relocated media asset
83,8 (1).png,Relocated Item,https://assets.cdn.filesafe.space/5lz2Wm44CNDwLSZWgAPf/media/3c909340-99a5-4ce1-b3e7-e639f5d2356d.png,Image,0.14,947 x 635,"Feb 13, 2026",Relocated media asset
84,7 (1).png,Relocated Item,https://assets.cdn.filesafe.space/5lz2Wm44CNDwLSZWgAPf/media/5da6b1ad-7542-493b-ac0a-ee30af044577.png,Image,0.10,772 x 599,"Feb 13, 2026",Relocated media asset
85,3.png,Relocated Item,https://assets.cdn.filesafe.space/5lz2Wm44CNDwLSZWgAPf/media/57a1d296-bf45-4206-98e6-b4f69c8a84de.png,Image,0.03,350 x 350,"Feb 13, 2026",Relocated media asset
86,2.png,Relocated Item,https://assets.cdn.filesafe.space/5lz2Wm44CNDwLSZWgAPf/media/8f7685dc-ffd4-498f-a1a8-7aa71a1e7418.png,Image,0.03,350 x 350,"Feb 13, 2026",Relocated media asset
87,1r.png,Relocated Item,https://assets.cdn.filesafe.space/5lz2Wm44CNDwLSZWgAPf/media/bc827ebe-9286-487d-b459-4e8aaa829118.png,Image,0.23,1626 x 696,"Feb 13, 2026",Relocated media asset
88,newGuarantee Icons - SFA.png,Relocated Item,https://assets.cdn.filesafe.space/5lz2Wm44CNDwLSZWgAPf/media/fc1c5939-7fe2-49fe-818d-28a18181a24e.png,Image,0.12,350 x 350,"Feb 13, 2026",Relocated media asset
89,Proof Element - SFA (3).png,Relocated Item,https://assets.cdn.filesafe.space/5lz2Wm44CNDwLSZWgAPf/media/a9f9b7da-f80d-43f9-a066-afc115b45790.png,Image,0.12,800 x 136,"Feb 13, 2026",Relocated media asset
90,Logo (1).png,Relocated Item,https://assets.cdn.filesafe.space/5lz2Wm44CNDwLSZWgAPf/media/c55a43b6-53fa-41ff-b476-ce0f9711231c.png,Image,0.01,236 x 68,"Feb 13, 2026",Relocated media asset
91,c08e878c-e25c-4194-8582-0e3501fd8750.png,Relocated Item,https://assets.cdn.filesafe.space/5lz2Wm44CNDwLSZWgAPf/media/f62f6a21-8bb9-4fb5-bb7e-8320fcf1da62.png,Image,0.01,500 x 300,"Jan 10, 2026",Relocated media asset
92,A-Restorative-Breathwork-Retreat.pdf,whatsapp-template,https://assets.cdn.filesafe.space/5lz2Wm44CNDwLSZWgAPf/media/698cdf139d61016fd9c17f8a.pdf,PDF,3.81,,"Feb 11, 2026",PDF file